characteristic,code,students,elevated,elevated_share,answer
Form,1.0,674,174,25.8,Form 1
Form,2.0,519,159,30.6,Form 2
Form,3.0,308,94,30.5,Form 3
Form,4.0,250,90,36.0,Form 4
Form,Missing,48,18,37.5,Missing
Religion,1.0,975,283,29.0,Christian Protestant
Religion,2.0,504,147,29.2,Christian Catholic
Religion,3.0,76,16,21.1,Muslim
Religion,5.0,2,1,50.0,Traditional African
Religion,6.0,38,12,31.6,No religion
Religion,7.0,38,19,50.0,Other
Religion,Missing,166,57,34.3,Missing
Surviving_Parents,0.0,59,27,45.8,No parents at home
Surviving_Parents,1.0,589,193,32.8,One parent at home
Surviving_Parents,2.0,1098,295,26.9,Both parents at home
Surviving_Parents,Missing,53,20,37.7,Missing
Parents_Dead,1.0,166,48,28.9,Father
Parents_Dead,2.0,68,22,32.4,Mother
Parents_Dead,3.0,49,21,42.9,Both
Parents_Dead,4.0,1461,424,29.0,Neither
Parents_Dead,Missing,55,20,36.4,Missing
Fathers_Education,1.0,378,114,30.2,Not aware
Fathers_Education,2.0,497,137,27.6,Primary
Fathers_Education,3.0,205,60,29.3,Secondary
Fathers_Education,4.0,621,188,30.3,University
Fathers_Education,Missing,98,36,36.7,Missing
Mothers_Education,1.0,330,106,32.1,Not aware
Mothers_Education,2.0,605,176,29.1,Primary
Mothers_Education,3.0,345,108,31.3,Secondary
Mothers_Education,4.0,446,121,27.1,University
Mothers_Education,Missing,73,24,32.9,Missing
Co_Curricular,1.0,699,209,29.9,Not involved
Co_Curricular,2.0,599,188,31.4,Quite involved
Co_Curricular,3.0,428,115,26.9,Extremely involved
Co_Curricular,Missing,73,23,31.5,Missing
Sports,1.0,602,184,30.6,No
Sports,2.0,1140,331,29.0,Yes
Sports,Missing,57,20,35.1,Missing
Percieved_Academic_Abilities,1.0,284,121,42.6,Not satisfactory
Percieved_Academic_Abilities,2.0,277,89,32.1,Satisfactory
Percieved_Academic_Abilities,3.0,559,168,30.1,Good
Percieved_Academic_Abilities,4.0,301,67,22.3,Very good
Percieved_Academic_Abilities,5.0,325,69,21.2,Excellent
Percieved_Academic_Abilities,Missing,53,21,39.6,Missing
