feature,coefficient,absolute_coefficient
categorical__Parents_Dead_3.0,0.5957625356006773,0.5957625356006773
numeric__FSS_1,0.3876742609462863,0.3876742609462863
categorical__Religion_5.0,0.3664662573144506,0.3664662573144506
categorical__Religion_3.0,-0.2960075404160376,0.2960075404160376
categorical__Parents_Dead_1.0,-0.28868567725275673,0.28868567725275673
categorical__Religion_7.0,0.2882102053494403,0.2882102053494403
categorical__Mothers_Education_1.0,0.2597123672826832,0.2597123672826832
numeric__MSPSS_11,-0.2553947405882653,0.2553947405882653
numeric__AI_11,0.24850340209582758,0.24850340209582758
numeric__Percieved_Academic_Abilities,-0.23695503302953352,0.23695503302953352
numeric__AI_14,-0.18604349537914994,0.18604349537914994
numeric__AI_7,0.16606468839625702,0.16606468839625702
numeric__Gender,-0.1643407939536052,0.1643407939536052
categorical__Religion_6.0,-0.15499826305880982,0.15499826305880982
numeric__AI_6,0.14638881311057678,0.14638881311057678
categorical__Parents_Dead_2.0,-0.14558842220657456,0.14558842220657456
numeric__AI_5,0.14007333080271275,0.14007333080271275
categorical__Mothers_Education_4.0,-0.13728104843763578,0.13728104843763578
numeric__MSPSS_8,-0.13340590207679798,0.13340590207679798
numeric__Age,-0.12814299219689207,0.12814299219689207
categorical__Parents_Dead_4.0,-0.11958799880396846,0.11958799880396846
categorical__Mothers_Education_3.0,-0.10189386933604214,0.10189386933604214
numeric__FSS_4,0.09986303371095934,0.09986303371095934
categorical__Religion_2.0,-0.09090014203892155,0.09090014203892155
numeric__Sports,-0.08668484863122192,0.08668484863122192
categorical__Fathers_Education_3.0,0.0822363472469818,0.0822363472469818
numeric__AI_4,-0.0749681821098203,0.0749681821098203
numeric__MSPSS_3,0.07378192823803442,0.07378192823803442
categorical__Religion_1.0,-0.07087007981275212,0.07087007981275212
numeric__AI_13,-0.06810528991743442,0.06810528991743442
numeric__Form,0.06647780299226082,0.06647780299226082
numeric__FSS_2,0.054777005832450106,0.054777005832450106
numeric__AI_3,0.053201348453926746,0.053201348453926746
numeric__AI_8,0.05027067793947039,0.05027067793947039
numeric__AI_15,-0.04530793985521124,0.04530793985521124
categorical__Fathers_Education_2.0,-0.04233449681196286,0.04233449681196286
numeric__Surviving_Parents,-0.04104872790702924,0.04104872790702924
numeric__AI_9,0.03594070377063986,0.03594070377063986
numeric__AI_2,0.0331078585009241,0.0331078585009241
numeric__Co_Curricular,-0.02790261222115126,0.02790261222115126
numeric__MSPSS_4,-0.022268998568127345,0.022268998568127345
categorical__Mothers_Education_2.0,0.021362987828368513,0.021362987828368513
numeric__AI_12,0.020745074782382522,0.020745074782382522
numeric__AI_1,-0.016778007397554726,0.016778007397554726
numeric__AI_10,0.00914925756077426,0.00914925756077426
categorical__Fathers_Education_4.0,0.006430313977753837,0.006430313977753837
numeric__FSS_3,0.004492656724119093,0.004492656724119093
categorical__Fathers_Education_1.0,-0.004431727075399769,0.004431727075399769
