model,fold,roc_auc,recall,precision,f1
Logistic Regression,1,0.6767183288409704,0.6792452830188679,0.46153846153846156,0.549618320610687
Logistic Regression,2,0.6268377135721178,0.5949367088607594,0.3263888888888889,0.42152466367713004
Logistic Regression,3,0.6580147868491427,0.5897435897435898,0.4339622641509434,0.5
Logistic Regression,4,0.6774476752352858,0.5752212389380531,0.42207792207792205,0.4868913857677903
Logistic Regression,5,0.6507478260869566,0.6173913043478261,0.39444444444444443,0.48135593220338985
Decision Tree,1,0.5582884097035041,0.49056603773584906,0.36619718309859156,0.41935483870967744
Decision Tree,2,0.5498382244423001,0.5189873417721519,0.2847222222222222,0.36771300448430494
Decision Tree,3,0.6223847726915211,0.6025641025641025,0.41228070175438597,0.4895833333333333
Decision Tree,4,0.6036838039050428,0.5221238938053098,0.38064516129032255,0.44029850746268656
Decision Tree,5,0.6308173913043478,0.5130434782608696,0.3710691823899371,0.4306569343065693
Random Forest,1,0.6891004043126685,0.05660377358490566,0.42857142857142855,0.1
Random Forest,2,0.605835272747914,0.12658227848101267,0.47619047619047616,0.2
Random Forest,3,0.6237612081170365,0.05128205128205128,0.5,0.09302325581395349
Random Forest,4,0.6298988621997472,0.04424778761061947,0.3333333333333333,0.078125
Random Forest,5,0.6606782608695652,0.017391304347826087,0.2222222222222222,0.03225806451612903
