column,invalid_codes,missing_after_cleaning,missing_percent
MSPSS_3,0,56,3.11
MSPSS_4,0,76,4.22
MSPSS_8,0,65,3.61
MSPSS_11,0,60,3.34
FSS_1,0,65,3.61
FSS_2,0,65,3.61
FSS_3,0,78,4.34
FSS_4,0,61,3.39
AI_1,0,50,2.78
AI_2,0,51,2.83
AI_3,0,46,2.56
AI_4,0,42,2.33
AI_5,0,50,2.78
AI_6,0,61,3.39
AI_7,0,59,3.28
AI_8,0,52,2.89
AI_9,0,41,2.28
AI_10,0,28,1.56
AI_11,0,64,3.56
AI_12,0,64,3.56
AI_13,0,64,3.56
AI_14,0,79,4.39
AI_15,0,58,3.22
Age,0,109,6.06
Gender,0,58,3.22
Form,0,48,2.67
Religion,80,166,9.23
Surviving_Parents,0,53,2.95
Parents_Dead,0,55,3.06
Fathers_Education,0,98,5.45
Mothers_Education,0,73,4.06
Co_Curricular,0,73,4.06
Sports,0,57,3.17
Percieved_Academic_Abilities,0,53,2.95
GAD_Check,0,181,10.06
