feature,importance
numeric__FSS_1,0.05297418601613187
numeric__MSPSS_8,0.04324891873771751
numeric__Percieved_Academic_Abilities,0.0427993586742419
numeric__MSPSS_11,0.03991647459261228
numeric__AI_6,0.03914261647332826
numeric__Age,0.03910570120034425
numeric__AI_9,0.03718098354083145
numeric__AI_2,0.03611758970517856
numeric__AI_8,0.03602912840474634
numeric__FSS_4,0.03577415333702931
numeric__FSS_2,0.034654605946313
numeric__MSPSS_4,0.034340638725170215
numeric__FSS_3,0.03314033536145259
numeric__AI_12,0.03133522263183601
numeric__AI_1,0.029113421551410956
numeric__AI_7,0.028160421648716433
numeric__Form,0.02807102865769365
numeric__AI_11,0.02782569956064986
numeric__AI_3,0.025795245774419412
numeric__Co_Curricular,0.023599974918501677
numeric__MSPSS_3,0.023390647806521194
numeric__AI_14,0.0206538080265215
numeric__AI_5,0.01987131055973171
numeric__Surviving_Parents,0.016951545207200144
numeric__Gender,0.014588332277309999
categorical__Fathers_Education_4.0,0.013799375381813448
numeric__Sports,0.013295225017384726
categorical__Religion_1.0,0.013149157261519644
categorical__Mothers_Education_2.0,0.012874852603355455
categorical__Religion_2.0,0.012330476355025401
categorical__Fathers_Education_2.0,0.012232944126332215
numeric__AI_15,0.011880374857763361
categorical__Mothers_Education_4.0,0.01139422054074955
categorical__Mothers_Education_3.0,0.010881027885771381
numeric__AI_4,0.01075537181787924
categorical__Fathers_Education_1.0,0.01068404188413943
numeric__AI_13,0.010607508204826997
categorical__Mothers_Education_1.0,0.010579812635340849
numeric__AI_10,0.00922654809969424
categorical__Fathers_Education_3.0,0.00900673735917186
categorical__Parents_Dead_4.0,0.008700470156734814
categorical__Parents_Dead_1.0,0.005973236899168632
categorical__Parents_Dead_2.0,0.004624617508119536
categorical__Religion_3.0,0.0041876551595082
categorical__Parents_Dead_3.0,0.0038152532175533644
categorical__Religion_7.0,0.003248197261167883
categorical__Religion_6.0,0.0028102981354506
categorical__Religion_5.0,0.00016124829591906067
